id,Company,Company category,Company priority score,Person name,Person title,LinkedIn URL,Person category,Person priority score,Why this person,Message angle,LinkedIn connection message,Follow-up message after acceptance,Suggested role types,Careers page URL,Current relevant roles,Outreach status,Date messaged,Date accepted,Date followed up,Reply status,Notes
0b748fc3-5f2d-4cbe-b58a-3757184c3710,Lunate,Investment / Sovereign / Strategic Capital,10,Manual LinkedIn search,Search Recruiter / Talent people at Lunate,https://www.linkedin.com/search/results/people/?keywords=Lunate+Recruiter+%2F+Talent+UAE,Recruiter / Talent,7,Manual LinkedIn people-search lead; review profiles and choose the strongest match before sending.,investment analyst outreach | investments and strategy,"Hi there,

Hope you're doing well. I'm Rashed Alneyadi, an Emirati mathematics graduate from NYU with experience at ADIA and ADIC, along with research/software experience across quantitative modeling, AI, and space robotics.

I'm exploring opportunities in investments and strategy roles and thought my background may be relevant to Lunate. Would love to connect and learn if there are any current or upcoming roles that could be a fit.

Best,
Rashed","Thanks for connecting, there. I really appreciate it.

I'm currently exploring roles where my background in mathematics, investments, software, and quantitative research could be useful. If there are any teams at Lunate hiring for analyst, investment, AI, data, or strategy profiles, I'd be grateful for any guidance on where to apply or who to speak with.",Investment Analyst; Portfolio Analyst; Strategy Analyst; Private Markets Analyst; Corporate Development,https://www.lunate.com/careers,,Not sent,,,,,Open this LinkedIn people search and choose relevant profiles manually.
9ea6e04d-9e62-45ab-a72c-8e208839c259,Lunate,Investment / Sovereign / Strategic Capital,10,Manual LinkedIn search,Search Investment / Strategy people at Lunate,https://www.linkedin.com/search/results/people/?keywords=Lunate+Investment+%2F+Strategy+UAE,Investment / Strategy,6,Manual LinkedIn people-search lead; review profiles and choose the strongest match before sending.,investment analyst outreach | investments and strategy,"Hi there,

Hope you're doing well. I'm Rashed Alneyadi, an Emirati mathematics graduate from NYU with experience at ADIA and ADIC, plus research experience in quantitative modeling and software development.

I'm interested in building a career in investments, especially where analytics, technology, and strategy intersect. I saw your work at Lunate and would love to connect and learn from your experience.

Best,
Rashed","Thanks for connecting, there. I appreciate it.

I'm trying to understand where someone with my background - NYU mathematics, ADIA/ADIC experience, quantitative research, and software/startup work - could best fit in the investment space. Would you have any advice on which types of teams or roles I should focus on?",Investment Analyst; Portfolio Analyst; Strategy Analyst; Private Markets Analyst; Corporate Development,https://www.lunate.com/careers,,Not sent,,,,,Open this LinkedIn people search and choose relevant profiles manually.
e12b54b6-2722-42eb-ab6b-a553e70bea71,Lunate,Investment / Sovereign / Strategic Capital,10,Manual LinkedIn search,Search AI / Technical / Research people at Lunate,https://www.linkedin.com/search/results/people/?keywords=Lunate+AI+%2F+Technical+%2F+Research+UAE,AI / Technical / Research,6,Manual LinkedIn people-search lead; review profiles and choose the strongest match before sending.,investment analyst outreach | investments and strategy,"Hi there,

Hope you're doing well. I'm Rashed Alneyadi, an Emirati mathematics graduate from NYU with experience in software, quantitative modeling, quantum computation research, and space robotics work through the MBRSC/MIT ecosystem.

I'm exploring roles at the intersection of AI, research, and strategic technology, and your work at Lunate stood out to me. Would love to connect.

Best,
Rashed","Thanks for connecting, there. I appreciate it.

I'm interested in roles where mathematics, AI/software, and research intersect. Given your work at Lunate, I'd be grateful for any advice on what technical or research teams might be most relevant for someone with my background.",Investment Analyst; Portfolio Analyst; Strategy Analyst; Private Markets Analyst; Corporate Development,https://www.lunate.com/careers,,Not sent,,,,,Open this LinkedIn people search and choose relevant profiles manually.
